Workbook

Sheet 今日の要対応
A1: 団体カレンダー 2026 — 毎朝このシートを開く
A3: 仮予約の期限切れ(要対応) | B3: =COUNTIFS(案件一覧!$C$3:$C$62,"仮予約",案件一覧!$H$3:$H$62,"<"&TODAY(),案件一覧!$H$3:$H$62,"<>") -> 0 | C3: 件 → 案件一覧の「残日数」が赤い行を今日中に処理
A4: 期限3日以内の仮予約 | B4: =COUNTIFS(案件一覧!$C$3:$C$62,"仮予約",案件一覧!$H$3:$H$62,"<="&(TODAY()+3),案件一覧!$H$3:$H$62,">="&TODAY()) -> 0 | C4: 件 → お客様へ確認の連絡を
A5: 今日C/Iの団体 | B5: =COUNTIFS(案件一覧!$E$3:$E$62,TODAY(),案件一覧!$C$3:$C$62,"<>キャンセル") -> 0 | C5: 件
A8: 【運用ルール(チーム決定)】
A9: 1. ファイルは共有フォルダの原本を直接開く。コピー・メール添付は禁止
A10: 2. 案件を作ったら・変えたら、その場でこのカレンダーの「案件一覧」へ転記(営業のみ編集可)
A11: ※各案件ワークブックの入力シート最下部に「カレンダー転記用の行」が自動で用意されています
A12: 3. カレンダーに載っていない案件は存在しない(会場確保=一覧記入をもって成立)
A13: 4. 「会場カレンダー」シートは自動描画。手で触らない(赤=ダブルブッキング!)
A14: 5. 週1回、手配担当が全案件ワークブックと一覧を突合する
A15: 6. お客様に出した帳票はPDFで保存(どの版を出したかの台帳になる)

Sheet 案件一覧
A1: 案件一覧 — 1案件1行。黄色列に入力(営業のみ)。緑列は自動計算
A2: 予約番号 | B2: ブロックコード | C2: Status ▼ | D2: 確度 ▼ | E2: C/I | F2: C/O | G2: 泊数 | H2: 仮予約期限 | I2: 残日数 | J2: 団体名 | K2: 概要 | L2: 取引先 | M2: 人数 | N2: 会場 ▼ | O2: 営業担当 | P2: ファイルリンク | Q2: 備考
G3: =IF(COUNT(E3,F3)<2,"",F3-E3) | I3: =IF(AND(C3="仮予約",H3<>""),H3-TODAY(),"")
G4: =IF(COUNT(E4,F4)<2,"",F4-E4) | I4: =IF(AND(C4="仮予約",H4<>""),H4-TODAY(),"")
G5: =IF(COUNT(E5,F5)<2,"",F5-E5) | I5: =IF(AND(C5="仮予約",H5<>""),H5-TODAY(),"")
G6: =IF(COUNT(E6,F6)<2,"",F6-E6) | I6: =IF(AND(C6="仮予約",H6<>""),H6-TODAY(),"")
G7: =IF(COUNT(E7,F7)<2,"",F7-E7) | I7: =IF(AND(C7="仮予約",H7<>""),H7-TODAY(),"")
G8: =IF(COUNT(E8,F8)<2,"",F8-E8) | I8: =IF(AND(C8="仮予約",H8<>""),H8-TODAY(),"")
G9: =IF(COUNT(E9,F9)<2,"",F9-E9) | I9: =IF(AND(C9="仮予約",H9<>""),H9-TODAY(),"")
G10: =IF(COUNT(E10,F10)<2,"",F10-E10) | I10: =IF(AND(C10="仮予約",H10<>""),H10-TODAY(),"")
G11: =IF(COUNT(E11,F11)<2,"",F11-E11) | I11: =IF(AND(C11="仮予約",H11<>""),H11-TODAY(),"")
G12: =IF(COUNT(E12,F12)<2,"",F12-E12) | I12: =IF(AND(C12="仮予約",H12<>""),H12-TODAY(),"")
G13: =IF(COUNT(E13,F13)<2,"",F13-E13) | I13: =IF(AND(C13="仮予約",H13<>""),H13-TODAY(),"")
G14: =IF(COUNT(E14,F14)<2,"",F14-E14) | I14: =IF(AND(C14="仮予約",H14<>""),H14-TODAY(),"")
... G62: =IF(COUNT(E62,F62)<2,"",F62-E62) | I62: =IF(AND(C62="仮予約",H62<>""),H62-TODAY(),"")

Sheet 会場カレンダー
A1: 会場カレンダー(案件一覧から自動描画 — 手で編集しない) 赤=ダブルブッキング
A3: 日付 | B3: 曜 | C3: 宴会場 | D3: 多目的ホール | E3: ザ・プレート | F3: あさ日 | G3: BECO | H3: 矢代
A4: 46204 | B4: 水 | C4: =IF(COUNTIFS(案件一覧!$N$3:$N$62,C$3,案件一覧!$E$3:$E$62,"<="&$A4,案件一覧!$F$3:$F$62,">"&$A4,案件一覧!$C$3:$C$62,"<>キャンセル")=0,"",INDEX(案件一覧!$J$3:$J$62,MATCH(1,INDEX((案件一覧!$N$3:$N$62=C$3)*(案件一覧!$E$3:$E$62<=$A4)*(案件一覧!$F$3:$F$62>$A4)*(案件一覧!$C$3:$C$62<>"キャンセル"),0),0))&IF(COUNTIFS(案件一覧!$N$3:$N$62,C$3,案件一覧!$E$3:$E$62,"<="&$A4,案件一覧!$F$3:$F$62,">"&$A4,案件一覧!$C$3:$C$62,"<>キャンセル")>1," ◆重複!","")) | D4: =IF(COUNTIFS(案件一覧!$N$3:$N$62,D$3,案件一覧!$E$3:$E$62,"<="&$A4,案件一覧!$F$3:$F$62,">"&$A4,案件一覧!$C$3:$C$62,"<>キャンセル")=0,"",INDEX(案件一覧!$J$3:$J$62,MATCH(1,INDEX((案件一覧!$N$3:$N$62=D$3)*(案件一覧!$E$3:$E$62<=$A4)*(案件一覧!$F$3:$F$62>$A4)*(案件一覧!$C$3:$C$62<>"キャンセル"),0),0))&IF(COUNTIFS(案件一覧!$N$3:$N$62,D$3,案件一覧!$E$3:$E$62,"<="&$A4,案件一覧!$F$3:$F$62,">"&$A4,案件一覧!$C$3:$C$62,"<>キャンセル")>1," ◆重複!","")) | E4: =IF(COUNTIFS(案件一覧!$N$3:$N$62,E$3,案件一覧!$E$3:$E$62,"<="&$A4,案件一覧!$F$3:$F$62,">"&$A4,案件一覧!$C$3:$C$62,"<>キャンセル")=0,"",INDEX(案件一覧!$J$3:$J$62,MATCH(1,INDEX((案件一覧!$N$3:$N$62=E$3)*(案件一覧!$E$3:$E$62<=$A4)*(案件一覧!$F$3:$F$62>$A4)*(案件一覧!$C$3:$C$62<>"キャンセル"),0),0))&IF(COUNTIFS(案件一覧!$N$3:$N$62,E$3,案件一覧!$E$3:$E$62,"<="&$A4,案件一覧!$F$3:$F$62,">"&$A4,案件一覧!$C$3:$C$62,"<>キャンセル")>1," ◆重複!","")) | F4: =IF(COUNTIFS(案件一覧!$N$3:$N$62,F$3,案件一覧!$E$3:$E$62,"<="&$A4,案件一覧!$F$3:$F$62,">"&$A4,案件一覧!$C$3:$C$62,"<>キャンセル")=0,"",INDEX(案件一覧!$J$3:$J$62,MATCH(1,INDEX((案件一覧!$N$3:$N$62=F$3)*(案件一覧!$E$3:$E$62<=$A4)*(案件一覧!$F$3:$F$62>$A4)*(案件一覧!$C$3:$C$62<>"キャンセル"),0),0))&IF(COUNTIFS(案件一覧!$N$3:$N$62,F$3,案件一覧!$E$3:$E$62,"<="&$A4,案件一覧!$F$3:$F$62,">"&$A4,案件一覧!$C$3:$C$62,"<>キャンセル")>1," ◆重複!","")) | G4: =IF(COUNTIFS(案件一覧!$N$3:$N$62,G$3,案件一覧!$E$3:$E$62,"<="&$A4,案件一覧!$F$3:$F$62,">"&$A4,案件一覧!$C$3:$C$62,"<>キャンセル")=0,"",INDEX(案件一覧!$J$3:$J$62,MATCH(1,INDEX((案件一覧!$N$3:$N$62=G$3)*(案件一覧!$E$3:$E$62<=$A4)*(案件一覧!$F$3:$F$62>$A4)*(案件一覧!$C$3:$C$62<>"キャンセル"),0),0))&IF(COUNTIFS(案件一覧!$N$3:$N$62,G$3,案件一覧!$E$3:$E$62,"<="&$A4,案件一覧!$F$3:$F$62,">"&$A4,案件一覧!$C$3:$C$62,"<>キャンセル")>1," ◆重複!","")) | H4: =IF(COUNTIFS(案件一覧!$N$3:$N$62,H$3,案件一覧!$E$3:$E$62,"<="&$A4,案件一覧!$F$3:$F$62,">"&$A4,案件一覧!$C$3:$C$62,"<>キャンセル")=0,"",INDEX(案件一覧!$J$3:$J$62,MATCH(1,INDEX((案件一覧!$N$3:$N$62=H$3)*(案件一覧!$E$3:$E$62<=$A4)*(案件一覧!$F$3:$F$62>$A4)*(案件一覧!$C$3:$C$62<>"キャンセル"),0),0))&IF(COUNTIFS(案件一覧!$N$3:$N$62,H$3,案件一覧!$E$3:$E$62,"<="&$A4,案件一覧!$F$3:$F$62,">"&$A4,案件一覧!$C$3:$C$62,"<>キャンセル")>1," ◆重複!",""))
A5: 46205 | B5: 木 | C5: =IF(COUNTIFS(案件一覧!$N$3:$N$62,C$3,案件一覧!$E$3:$E$62,"<="&$A5,案件一覧!$F$3:$F$62,">"&$A5,案件一覧!$C$3:$C$62,"<>キャンセル")=0,"",INDEX(案件一覧!$J$3:$J$62,MATCH(1,INDEX((案件一覧!$N$3:$N$62=C$3)*(案件一覧!$E$3:$E$62<=$A5)*(案件一覧!$F$3:$F$62>$A5)*(案件一覧!$C$3:$C$62<>"キャンセル"),0),0))&IF(COUNTIFS(案件一覧!$N$3:$N$62,C$3,案件一覧!$E$3:$E$62,"<="&$A5,案件一覧!$F$3:$F$62,">"&$A5,案件一覧!$C$3:$C$62,"<>キャンセル")>1," ◆重複!","")) | D5: =IF(COUNTIFS(案件一覧!$N$3:$N$62,D$3,案件一覧!$E$3:$E$62,"<="&$A5,案件一覧!$F$3:$F$62,">"&$A5,案件一覧!$C$3:$C$62,"<>キャンセル")=0,"",INDEX(案件一覧!$J$3:$J$62,MATCH(1,INDEX((案件一覧!$N$3:$N$62=D$3)*(案件一覧!$E$3:$E$62<=$A5)*(案件一覧!$F$3:$F$62>$A5)*(案件一覧!$C$3:$C$62<>"キャンセル"),0),0))&IF(COUNTIFS(案件一覧!$N$3:$N$62,D$3,案件一覧!$E$3:$E$62,"<="&$A5,案件一覧!$F$3:$F$62,">"&$A5,案件一覧!$C$3:$C$62,"<>キャンセル")>1," ◆重複!","")) | E5: =IF(COUNTIFS(案件一覧!$N$3:$N$62,E$3,案件一覧!$E$3:$E$62,"<="&$A5,案件一覧!$F$3:$F$62,">"&$A5,案件一覧!$C$3:$C$62,"<>キャンセル")=0,"",INDEX(案件一覧!$J$3:$J$62,MATCH(1,INDEX((案件一覧!$N$3:$N$62=E$3)*(案件一覧!$E$3:$E$62<=$A5)*(案件一覧!$F$3:$F$62>$A5)*(案件一覧!$C$3:$C$62<>"キャンセル"),0),0))&IF(COUNTIFS(案件一覧!$N$3:$N$62,E$3,案件一覧!$E$3:$E$62,"<="&$A5,案件一覧!$F$3:$F$62,">"&$A5,案件一覧!$C$3:$C$62,"<>キャンセル")>1," ◆重複!","")) | F5: =IF(COUNTIFS(案件一覧!$N$3:$N$62,F$3,案件一覧!$E$3:$E$62,"<="&$A5,案件一覧!$F$3:$F$62,">"&$A5,案件一覧!$C$3:$C$62,"<>キャンセル")=0,"",INDEX(案件一覧!$J$3:$J$62,MATCH(1,INDEX((案件一覧!$N$3:$N$62=F$3)*(案件一覧!$E$3:$E$62<=$A5)*(案件一覧!$F$3:$F$62>$A5)*(案件一覧!$C$3:$C$62<>"キャンセル"),0),0))&IF(COUNTIFS(案件一覧!$N$3:$N$62,F$3,案件一覧!$E$3:$E$62,"<="&$A5,案件一覧!$F$3:$F$62,">"&$A5,案件一覧!$C$3:$C$62,"<>キャンセル")>1," ◆重複!","")) | G5: =IF(COUNTIFS(案件一覧!$N$3:$N$62,G$3,案件一覧!$E$3:$E$62,"<="&$A5,案件一覧!$F$3:$F$62,">"&$A5,案件一覧!$C$3:$C$62,"<>キャンセル")=0,"",INDEX(案件一覧!$J$3:$J$62,MATCH(1,INDEX((案件一覧!$N$3:$N$62=G$3)*(案件一覧!$E$3:$E$62<=$A5)*(案件一覧!$F$3:$F$62>$A5)*(案件一覧!$C$3:$C$62<>"キャンセル"),0),0))&IF(COUNTIFS(案件一覧!$N$3:$N$62,G$3,案件一覧!$E$3:$E$62,"<="&$A5,案件一覧!$F$3:$F$62,">"&$A5,案件一覧!$C$3:$C$62,"<>キャンセル")>1," ◆重複!","")) | H5: =IF(COUNTIFS(案件一覧!$N$3:$N$62,H$3,案件一覧!$E$3:$E$62,"<="&$A5,案件一覧!$F$3:$F$62,">"&$A5,案件一覧!$C$3:$C$62,"<>キャンセル")=0,"",INDEX(案件一覧!$J$3:$J$62,MATCH(1,INDEX((案件一覧!$N$3:$N$62=H$3)*(案件一覧!$E$3:$E$62<=$A5)*(案件一覧!$F$3:$F$62>$A5)*(案件一覧!$C$3:$C$62<>"キャンセル"),0),0))&IF(COUNTIFS(案件一覧!$N$3:$N$62,H$3,案件一覧!$E$3:$E$62,"<="&$A5,案件一覧!$F$3:$F$62,">"&$A5,案件一覧!$C$3:$C$62,"<>キャンセル")>1," ◆重複!",""))
A6: 46206 | B6: 金 | C6: =IF(COUNTIFS(案件一覧!$N$3:$N$62,C$3,案件一覧!$E$3:$E$62,"<="&$A6,案件一覧!$F$3:$F$62,">"&$A6,案件一覧!$C$3:$C$62,"<>キャンセル")=0,"",INDEX(案件一覧!$J$3:$J$62,MATCH(1,INDEX((案件一覧!$N$3:$N$62=C$3)*(案件一覧!$E$3:$E$62<=$A6)*(案件一覧!$F$3:$F$62>$A6)*(案件一覧!$C$3:$C$62<>"キャンセル"),0),0))&IF(COUNTIFS(案件一覧!$N$3:$N$62,C$3,案件一覧!$E$3:$E$62,"<="&$A6,案件一覧!$F$3:$F$62,">"&$A6,案件一覧!$C$3:$C$62,"<>キャンセル")>1," ◆重複!","")) | D6: =IF(COUNTIFS(案件一覧!$N$3:$N$62,D$3,案件一覧!$E$3:$E$62,"<="&$A6,案件一覧!$F$3:$F$62,">"&$A6,案件一覧!$C$3:$C$62,"<>キャンセル")=0,"",INDEX(案件一覧!$J$3:$J$62,MATCH(1,INDEX((案件一覧!$N$3:$N$62=D$3)*(案件一覧!$E$3:$E$62<=$A6)*(案件一覧!$F$3:$F$62>$A6)*(案件一覧!$C$3:$C$62<>"キャンセル"),0),0))&IF(COUNTIFS(案件一覧!$N$3:$N$62,D$3,案件一覧!$E$3:$E$62,"<="&$A6,案件一覧!$F$3:$F$62,">"&$A6,案件一覧!$C$3:$C$62,"<>キャンセル")>1," ◆重複!","")) | E6: =IF(COUNTIFS(案件一覧!$N$3:$N$62,E$3,案件一覧!$E$3:$E$62,"<="&$A6,案件一覧!$F$3:$F$62,">"&$A6,案件一覧!$C$3:$C$62,"<>キャンセル")=0,"",INDEX(案件一覧!$J$3:$J$62,MATCH(1,INDEX((案件一覧!$N$3:$N$62=E$3)*(案件一覧!$E$3:$E$62<=$A6)*(案件一覧!$F$3:$F$62>$A6)*(案件一覧!$C$3:$C$62<>"キャンセル"),0),0))&IF(COUNTIFS(案件一覧!$N$3:$N$62,E$3,案件一覧!$E$3:$E$62,"<="&$A6,案件一覧!$F$3:$F$62,">"&$A6,案件一覧!$C$3:$C$62,"<>キャンセル")>1," ◆重複!","")) | F6: =IF(COUNTIFS(案件一覧!$N$3:$N$62,F$3,案件一覧!$E$3:$E$62,"<="&$A6,案件一覧!$F$3:$F$62,">"&$A6,案件一覧!$C$3:$C$62,"<>キャンセル")=0,"",INDEX(案件一覧!$J$3:$J$62,MATCH(1,INDEX((案件一覧!$N$3:$N$62=F$3)*(案件一覧!$E$3:$E$62<=$A6)*(案件一覧!$F$3:$F$62>$A6)*(案件一覧!$C$3:$C$62<>"キャンセル"),0),0))&IF(COUNTIFS(案件一覧!$N$3:$N$62,F$3,案件一覧!$E$3:$E$62,"<="&$A6,案件一覧!$F$3:$F$62,">"&$A6,案件一覧!$C$3:$C$62,"<>キャンセル")>1," ◆重複!","")) | G6: =IF(COUNTIFS(案件一覧!$N$3:$N$62,G$3,案件一覧!$E$3:$E$62,"<="&$A6,案件一覧!$F$3:$F$62,">"&$A6,案件一覧!$C$3:$C$62,"<>キャンセル")=0,"",INDEX(案件一覧!$J$3:$J$62,MATCH(1,INDEX((案件一覧!$N$3:$N$62=G$3)*(案件一覧!$E$3:$E$62<=$A6)*(案件一覧!$F$3:$F$62>$A6)*(案件一覧!$C$3:$C$62<>"キャンセル"),0),0))&IF(COUNTIFS(案件一覧!$N$3:$N$62,G$3,案件一覧!$E$3:$E$62,"<="&$A6,案件一覧!$F$3:$F$62,">"&$A6,案件一覧!$C$3:$C$62,"<>キャンセル")>1," ◆重複!","")) | H6: =IF(COUNTIFS(案件一覧!$N$3:$N$62,H$3,案件一覧!$E$3:$E$62,"<="&$A6,案件一覧!$F$3:$F$62,">"&$A6,案件一覧!$C$3:$C$62,"<>キャンセル")=0,"",INDEX(案件一覧!$J$3:$J$62,MATCH(1,INDEX((案件一覧!$N$3:$N$62=H$3)*(案件一覧!$E$3:$E$62<=$A6)*(案件一覧!$F$3:$F$62>$A6)*(案件一覧!$C$3:$C$62<>"キャンセル"),0),0))&IF(COUNTIFS(案件一覧!$N$3:$N$62,H$3,案件一覧!$E$3:$E$62,"<="&$A6,案件一覧!$F$3:$F$62,">"&$A6,案件一覧!$C$3:$C$62,"<>キャンセル")>1," ◆重複!",""))
A7: 46207 | B7: 土 | C7: =IF(COUNTIFS(案件一覧!$N$3:$N$62,C$3,案件一覧!$E$3:$E$62,"<="&$A7,案件一覧!$F$3:$F$62,">"&$A7,案件一覧!$C$3:$C$62,"<>キャンセル")=0,"",INDEX(案件一覧!$J$3:$J$62,MATCH(1,INDEX((案件一覧!$N$3:$N$62=C$3)*(案件一覧!$E$3:$E$62<=$A7)*(案件一覧!$F$3:$F$62>$A7)*(案件一覧!$C$3:$C$62<>"キャンセル"),0),0))&IF(COUNTIFS(案件一覧!$N$3:$N$62,C$3,案件一覧!$E$3:$E$62,"<="&$A7,案件一覧!$F$3:$F$62,">"&$A7,案件一覧!$C$3:$C$62,"<>キャンセル")>1," ◆重複!","")) | D7: =IF(COUNTIFS(案件一覧!$N$3:$N$62,D$3,案件一覧!$E$3:$E$62,"<="&$A7,案件一覧!$F$3:$F$62,">"&$A7,案件一覧!$C$3:$C$62,"<>キャンセル")=0,"",INDEX(案件一覧!$J$3:$J$62,MATCH(1,INDEX((案件一覧!$N$3:$N$62=D$3)*(案件一覧!$E$3:$E$62<=$A7)*(案件一覧!$F$3:$F$62>$A7)*(案件一覧!$C$3:$C$62<>"キャンセル"),0),0))&IF(COUNTIFS(案件一覧!$N$3:$N$62,D$3,案件一覧!$E$3:$E$62,"<="&$A7,案件一覧!$F$3:$F$62,">"&$A7,案件一覧!$C$3:$C$62,"<>キャンセル")>1," ◆重複!","")) | E7: =IF(COUNTIFS(案件一覧!$N$3:$N$62,E$3,案件一覧!$E$3:$E$62,"<="&$A7,案件一覧!$F$3:$F$62,">"&$A7,案件一覧!$C$3:$C$62,"<>キャンセル")=0,"",INDEX(案件一覧!$J$3:$J$62,MATCH(1,INDEX((案件一覧!$N$3:$N$62=E$3)*(案件一覧!$E$3:$E$62<=$A7)*(案件一覧!$F$3:$F$62>$A7)*(案件一覧!$C$3:$C$62<>"キャンセル"),0),0))&IF(COUNTIFS(案件一覧!$N$3:$N$62,E$3,案件一覧!$E$3:$E$62,"<="&$A7,案件一覧!$F$3:$F$62,">"&$A7,案件一覧!$C$3:$C$62,"<>キャンセル")>1," ◆重複!","")) | F7: =IF(COUNTIFS(案件一覧!$N$3:$N$62,F$3,案件一覧!$E$3:$E$62,"<="&$A7,案件一覧!$F$3:$F$62,">"&$A7,案件一覧!$C$3:$C$62,"<>キャンセル")=0,"",INDEX(案件一覧!$J$3:$J$62,MATCH(1,INDEX((案件一覧!$N$3:$N$62=F$3)*(案件一覧!$E$3:$E$62<=$A7)*(案件一覧!$F$3:$F$62>$A7)*(案件一覧!$C$3:$C$62<>"キャンセル"),0),0))&IF(COUNTIFS(案件一覧!$N$3:$N$62,F$3,案件一覧!$E$3:$E$62,"<="&$A7,案件一覧!$F$3:$F$62,">"&$A7,案件一覧!$C$3:$C$62,"<>キャンセル")>1," ◆重複!","")) | G7: =IF(COUNTIFS(案件一覧!$N$3:$N$62,G$3,案件一覧!$E$3:$E$62,"<="&$A7,案件一覧!$F$3:$F$62,">"&$A7,案件一覧!$C$3:$C$62,"<>キャンセル")=0,"",INDEX(案件一覧!$J$3:$J$62,MATCH(1,INDEX((案件一覧!$N$3:$N$62=G$3)*(案件一覧!$E$3:$E$62<=$A7)*(案件一覧!$F$3:$F$62>$A7)*(案件一覧!$C$3:$C$62<>"キャンセル"),0),0))&IF(COUNTIFS(案件一覧!$N$3:$N$62,G$3,案件一覧!$E$3:$E$62,"<="&$A7,案件一覧!$F$3:$F$62,">"&$A7,案件一覧!$C$3:$C$62,"<>キャンセル")>1," ◆重複!","")) | H7: =IF(COUNTIFS(案件一覧!$N$3:$N$62,H$3,案件一覧!$E$3:$E$62,"<="&$A7,案件一覧!$F$3:$F$62,">"&$A7,案件一覧!$C$3:$C$62,"<>キャンセル")=0,"",INDEX(案件一覧!$J$3:$J$62,MATCH(1,INDEX((案件一覧!$N$3:$N$62=H$3)*(案件一覧!$E$3:$E$62<=$A7)*(案件一覧!$F$3:$F$62>$A7)*(案件一覧!$C$3:$C$62<>"キャンセル"),0),0))&IF(COUNTIFS(案件一覧!$N$3:$N$62,H$3,案件一覧!$E$3:$E$62,"<="&$A7,案件一覧!$F$3:$F$62,">"&$A7,案件一覧!$C$3:$C$62,"<>キャンセル")>1," ◆重複!",""))
A8: 46208 | B8: 日 | C8: =IF(COUNTIFS(案件一覧!$N$3:$N$62,C$3,案件一覧!$E$3:$E$62,"<="&$A8,案件一覧!$F$3:$F$62,">"&$A8,案件一覧!$C$3:$C$62,"<>キャンセル")=0,"",INDEX(案件一覧!$J$3:$J$62,MATCH(1,INDEX((案件一覧!$N$3:$N$62=C$3)*(案件一覧!$E$3:$E$62<=$A8)*(案件一覧!$F$3:$F$62>$A8)*(案件一覧!$C$3:$C$62<>"キャンセル"),0),0))&IF(COUNTIFS(案件一覧!$N$3:$N$62,C$3,案件一覧!$E$3:$E$62,"<="&$A8,案件一覧!$F$3:$F$62,">"&$A8,案件一覧!$C$3:$C$62,"<>キャンセル")>1," ◆重複!","")) | D8: =IF(COUNTIFS(案件一覧!$N$3:$N$62,D$3,案件一覧!$E$3:$E$62,"<="&$A8,案件一覧!$F$3:$F$62,">"&$A8,案件一覧!$C$3:$C$62,"<>キャンセル")=0,"",INDEX(案件一覧!$J$3:$J$62,MATCH(1,INDEX((案件一覧!$N$3:$N$62=D$3)*(案件一覧!$E$3:$E$62<=$A8)*(案件一覧!$F$3:$F$62>$A8)*(案件一覧!$C$3:$C$62<>"キャンセル"),0),0))&IF(COUNTIFS(案件一覧!$N$3:$N$62,D$3,案件一覧!$E$3:$E$62,"<="&$A8,案件一覧!$F$3:$F$62,">"&$A8,案件一覧!$C$3:$C$62,"<>キャンセル")>1," ◆重複!","")) | E8: =IF(COUNTIFS(案件一覧!$N$3:$N$62,E$3,案件一覧!$E$3:$E$62,"<="&$A8,案件一覧!$F$3:$F$62,">"&$A8,案件一覧!$C$3:$C$62,"<>キャンセル")=0,"",INDEX(案件一覧!$J$3:$J$62,MATCH(1,INDEX((案件一覧!$N$3:$N$62=E$3)*(案件一覧!$E$3:$E$62<=$A8)*(案件一覧!$F$3:$F$62>$A8)*(案件一覧!$C$3:$C$62<>"キャンセル"),0),0))&IF(COUNTIFS(案件一覧!$N$3:$N$62,E$3,案件一覧!$E$3:$E$62,"<="&$A8,案件一覧!$F$3:$F$62,">"&$A8,案件一覧!$C$3:$C$62,"<>キャンセル")>1," ◆重複!","")) | F8: =IF(COUNTIFS(案件一覧!$N$3:$N$62,F$3,案件一覧!$E$3:$E$62,"<="&$A8,案件一覧!$F$3:$F$62,">"&$A8,案件一覧!$C$3:$C$62,"<>キャンセル")=0,"",INDEX(案件一覧!$J$3:$J$62,MATCH(1,INDEX((案件一覧!$N$3:$N$62=F$3)*(案件一覧!$E$3:$E$62<=$A8)*(案件一覧!$F$3:$F$62>$A8)*(案件一覧!$C$3:$C$62<>"キャンセル"),0),0))&IF(COUNTIFS(案件一覧!$N$3:$N$62,F$3,案件一覧!$E$3:$E$62,"<="&$A8,案件一覧!$F$3:$F$62,">"&$A8,案件一覧!$C$3:$C$62,"<>キャンセル")>1," ◆重複!","")) | G8: =IF(COUNTIFS(案件一覧!$N$3:$N$62,G$3,案件一覧!$E$3:$E$62,"<="&$A8,案件一覧!$F$3:$F$62,">"&$A8,案件一覧!$C$3:$C$62,"<>キャンセル")=0,"",INDEX(案件一覧!$J$3:$J$62,MATCH(1,INDEX((案件一覧!$N$3:$N$62=G$3)*(案件一覧!$E$3:$E$62<=$A8)*(案件一覧!$F$3:$F$62>$A8)*(案件一覧!$C$3:$C$62<>"キャンセル"),0),0))&IF(COUNTIFS(案件一覧!$N$3:$N$62,G$3,案件一覧!$E$3:$E$62,"<="&$A8,案件一覧!$F$3:$F$62,">"&$A8,案件一覧!$C$3:$C$62,"<>キャンセル")>1," ◆重複!","")) | H8: =IF(COUNTIFS(案件一覧!$N$3:$N$62,H$3,案件一覧!$E$3:$E$62,"<="&$A8,案件一覧!$F$3:$F$62,">"&$A8,案件一覧!$C$3:$C$62,"<>キャンセル")=0,"",INDEX(案件一覧!$J$3:$J$62,MATCH(1,INDEX((案件一覧!$N$3:$N$62=H$3)*(案件一覧!$E$3:$E$62<=$A8)*(案件一覧!$F$3:$F$62>$A8)*(案件一覧!$C$3:$C$62<>"キャンセル"),0),0))&IF(COUNTIFS(案件一覧!$N$3:$N$62,H$3,案件一覧!$E$3:$E$62,"<="&$A8,案件一覧!$F$3:$F$62,">"&$A8,案件一覧!$C$3:$C$62,"<>キャンセル")>1," ◆重複!",""))
A9: 46209 | B9: 月 | C9: =IF(COUNTIFS(案件一覧!$N$3:$N$62,C$3,案件一覧!$E$3:$E$62,"<="&$A9,案件一覧!$F$3:$F$62,">"&$A9,案件一覧!$C$3:$C$62,"<>キャンセル")=0,"",INDEX(案件一覧!$J$3:$J$62,MATCH(1,INDEX((案件一覧!$N$3:$N$62=C$3)*(案件一覧!$E$3:$E$62<=$A9)*(案件一覧!$F$3:$F$62>$A9)*(案件一覧!$C$3:$C$62<>"キャンセル"),0),0))&IF(COUNTIFS(案件一覧!$N$3:$N$62,C$3,案件一覧!$E$3:$E$62,"<="&$A9,案件一覧!$F$3:$F$62,">"&$A9,案件一覧!$C$3:$C$62,"<>キャンセル")>1," ◆重複!","")) | D9: =IF(COUNTIFS(案件一覧!$N$3:$N$62,D$3,案件一覧!$E$3:$E$62,"<="&$A9,案件一覧!$F$3:$F$62,">"&$A9,案件一覧!$C$3:$C$62,"<>キャンセル")=0,"",INDEX(案件一覧!$J$3:$J$62,MATCH(1,INDEX((案件一覧!$N$3:$N$62=D$3)*(案件一覧!$E$3:$E$62<=$A9)*(案件一覧!$F$3:$F$62>$A9)*(案件一覧!$C$3:$C$62<>"キャンセル"),0),0))&IF(COUNTIFS(案件一覧!$N$3:$N$62,D$3,案件一覧!$E$3:$E$62,"<="&$A9,案件一覧!$F$3:$F$62,">"&$A9,案件一覧!$C$3:$C$62,"<>キャンセル")>1," ◆重複!","")) | E9: =IF(COUNTIFS(案件一覧!$N$3:$N$62,E$3,案件一覧!$E$3:$E$62,"<="&$A9,案件一覧!$F$3:$F$62,">"&$A9,案件一覧!$C$3:$C$62,"<>キャンセル")=0,"",INDEX(案件一覧!$J$3:$J$62,MATCH(1,INDEX((案件一覧!$N$3:$N$62=E$3)*(案件一覧!$E$3:$E$62<=$A9)*(案件一覧!$F$3:$F$62>$A9)*(案件一覧!$C$3:$C$62<>"キャンセル"),0),0))&IF(COUNTIFS(案件一覧!$N$3:$N$62,E$3,案件一覧!$E$3:$E$62,"<="&$A9,案件一覧!$F$3:$F$62,">"&$A9,案件一覧!$C$3:$C$62,"<>キャンセル")>1," ◆重複!","")) | F9: =IF(COUNTIFS(案件一覧!$N$3:$N$62,F$3,案件一覧!$E$3:$E$62,"<="&$A9,案件一覧!$F$3:$F$62,">"&$A9,案件一覧!$C$3:$C$62,"<>キャンセル")=0,"",INDEX(案件一覧!$J$3:$J$62,MATCH(1,INDEX((案件一覧!$N$3:$N$62=F$3)*(案件一覧!$E$3:$E$62<=$A9)*(案件一覧!$F$3:$F$62>$A9)*(案件一覧!$C$3:$C$62<>"キャンセル"),0),0))&IF(COUNTIFS(案件一覧!$N$3:$N$62,F$3,案件一覧!$E$3:$E$62,"<="&$A9,案件一覧!$F$3:$F$62,">"&$A9,案件一覧!$C$3:$C$62,"<>キャンセル")>1," ◆重複!","")) | G9: =IF(COUNTIFS(案件一覧!$N$3:$N$62,G$3,案件一覧!$E$3:$E$62,"<="&$A9,案件一覧!$F$3:$F$62,">"&$A9,案件一覧!$C$3:$C$62,"<>キャンセル")=0,"",INDEX(案件一覧!$J$3:$J$62,MATCH(1,INDEX((案件一覧!$N$3:$N$62=G$3)*(案件一覧!$E$3:$E$62<=$A9)*(案件一覧!$F$3:$F$62>$A9)*(案件一覧!$C$3:$C$62<>"キャンセル"),0),0))&IF(COUNTIFS(案件一覧!$N$3:$N$62,G$3,案件一覧!$E$3:$E$62,"<="&$A9,案件一覧!$F$3:$F$62,">"&$A9,案件一覧!$C$3:$C$62,"<>キャンセル")>1," ◆重複!","")) | H9: =IF(COUNTIFS(案件一覧!$N$3:$N$62,H$3,案件一覧!$E$3:$E$62,"<="&$A9,案件一覧!$F$3:$F$62,">"&$A9,案件一覧!$C$3:$C$62,"<>キャンセル")=0,"",INDEX(案件一覧!$J$3:$J$62,MATCH(1,INDEX((案件一覧!$N$3:$N$62=H$3)*(案件一覧!$E$3:$E$62<=$A9)*(案件一覧!$F$3:$F$62>$A9)*(案件一覧!$C$3:$C$62<>"キャンセル"),0),0))&IF(COUNTIFS(案件一覧!$N$3:$N$62,H$3,案件一覧!$E$3:$E$62,"<="&$A9,案件一覧!$F$3:$F$62,">"&$A9,案件一覧!$C$3:$C$62,"<>キャンセル")>1," ◆重複!",""))
A10: 46210 | B10: 火 | C10: =IF(COUNTIFS(案件一覧!$N$3:$N$62,C$3,案件一覧!$E$3:$E$62,"<="&$A10,案件一覧!$F$3:$F$62,">"&$A10,案件一覧!$C$3:$C$62,"<>キャンセル")=0,"",INDEX(案件一覧!$J$3:$J$62,MATCH(1,INDEX((案件一覧!$N$3:$N$62=C$3)*(案件一覧!$E$3:$E$62<=$A10)*(案件一覧!$F$3:$F$62>$A10)*(案件一覧!$C$3:$C$62<>"キャンセル"),0),0))&IF(COUNTIFS(案件一覧!$N$3:$N$62,C$3,案件一覧!$E$3:$E$62,"<="&$A10,案件一覧!$F$3:$F$62,">"&$A10,案件一覧!$C$3:$C$62,"<>キャンセル")>1," ◆重複!","")) | D10: =IF(COUNTIFS(案件一覧!$N$3:$N$62,D$3,案件一覧!$E$3:$E$62,"<="&$A10,案件一覧!$F$3:$F$62,">"&$A10,案件一覧!$C$3:$C$62,"<>キャンセル")=0,"",INDEX(案件一覧!$J$3:$J$62,MATCH(1,INDEX((案件一覧!$N$3:$N$62=D$3)*(案件一覧!$E$3:$E$62<=$A10)*(案件一覧!$F$3:$F$62>$A10)*(案件一覧!$C$3:$C$62<>"キャンセル"),0),0))&IF(COUNTIFS(案件一覧!$N$3:$N$62,D$3,案件一覧!$E$3:$E$62,"<="&$A10,案件一覧!$F$3:$F$62,">"&$A10,案件一覧!$C$3:$C$62,"<>キャンセル")>1," ◆重複!","")) | E10: =IF(COUNTIFS(案件一覧!$N$3:$N$62,E$3,案件一覧!$E$3:$E$62,"<="&$A10,案件一覧!$F$3:$F$62,">"&$A10,案件一覧!$C$3:$C$62,"<>キャンセル")=0,"",INDEX(案件一覧!$J$3:$J$62,MATCH(1,INDEX((案件一覧!$N$3:$N$62=E$3)*(案件一覧!$E$3:$E$62<=$A10)*(案件一覧!$F$3:$F$62>$A10)*(案件一覧!$C$3:$C$62<>"キャンセル"),0),0))&IF(COUNTIFS(案件一覧!$N$3:$N$62,E$3,案件一覧!$E$3:$E$62,"<="&$A10,案件一覧!$F$3:$F$62,">"&$A10,案件一覧!$C$3:$C$62,"<>キャンセル")>1," ◆重複!","")) | F10: =IF(COUNTIFS(案件一覧!$N$3:$N$62,F$3,案件一覧!$E$3:$E$62,"<="&$A10,案件一覧!$F$3:$F$62,">"&$A10,案件一覧!$C$3:$C$62,"<>キャンセル")=0,"",INDEX(案件一覧!$J$3:$J$62,MATCH(1,INDEX((案件一覧!$N$3:$N$62=F$3)*(案件一覧!$E$3:$E$62<=$A10)*(案件一覧!$F$3:$F$62>$A10)*(案件一覧!$C$3:$C$62<>"キャンセル"),0),0))&IF(COUNTIFS(案件一覧!$N$3:$N$62,F$3,案件一覧!$E$3:$E$62,"<="&$A10,案件一覧!$F$3:$F$62,">"&$A10,案件一覧!$C$3:$C$62,"<>キャンセル")>1," ◆重複!","")) | G10: =IF(COUNTIFS(案件一覧!$N$3:$N$62,G$3,案件一覧!$E$3:$E$62,"<="&$A10,案件一覧!$F$3:$F$62,">"&$A10,案件一覧!$C$3:$C$62,"<>キャンセル")=0,"",INDEX(案件一覧!$J$3:$J$62,MATCH(1,INDEX((案件一覧!$N$3:$N$62=G$3)*(案件一覧!$E$3:$E$62<=$A10)*(案件一覧!$F$3:$F$62>$A10)*(案件一覧!$C$3:$C$62<>"キャンセル"),0),0))&IF(COUNTIFS(案件一覧!$N$3:$N$62,G$3,案件一覧!$E$3:$E$62,"<="&$A10,案件一覧!$F$3:$F$62,">"&$A10,案件一覧!$C$3:$C$62,"<>キャンセル")>1," ◆重複!","")) | H10: =IF(COUNTIFS(案件一覧!$N$3:$N$62,H$3,案件一覧!$E$3:$E$62,"<="&$A10,案件一覧!$F$3:$F$62,">"&$A10,案件一覧!$C$3:$C$62,"<>キャンセル")=0,"",INDEX(案件一覧!$J$3:$J$62,MATCH(1,INDEX((案件一覧!$N$3:$N$62=H$3)*(案件一覧!$E$3:$E$62<=$A10)*(案件一覧!$F$3:$F$62>$A10)*(案件一覧!$C$3:$C$62<>"キャンセル"),0),0))&IF(COUNTIFS(案件一覧!$N$3:$N$62,H$3,案件一覧!$E$3:$E$62,"<="&$A10,案件一覧!$F$3:$F$62,">"&$A10,案件一覧!$C$3:$C$62,"<>キャンセル")>1," ◆重複!",""))
A11: 46211 | B11: 水 | C11: =IF(COUNTIFS(案件一覧!$N$3:$N$62,C$3,案件一覧!$E$3:$E$62,"<="&$A11,案件一覧!$F$3:$F$62,">"&$A11,案件一覧!$C$3:$C$62,"<>キャンセル")=0,"",INDEX(案件一覧!$J$3:$J$62,MATCH(1,INDEX((案件一覧!$N$3:$N$62=C$3)*(案件一覧!$E$3:$E$62<=$A11)*(案件一覧!$F$3:$F$62>$A11)*(案件一覧!$C$3:$C$62<>"キャンセル"),0),0))&IF(COUNTIFS(案件一覧!$N$3:$N$62,C$3,案件一覧!$E$3:$E$62,"<="&$A11,案件一覧!$F$3:$F$62,">"&$A11,案件一覧!$C$3:$C$62,"<>キャンセル")>1," ◆重複!","")) | D11: =IF(COUNTIFS(案件一覧!$N$3:$N$62,D$3,案件一覧!$E$3:$E$62,"<="&$A11,案件一覧!$F$3:$F$62,">"&$A11,案件一覧!$C$3:$C$62,"<>キャンセル")=0,"",INDEX(案件一覧!$J$3:$J$62,MATCH(1,INDEX((案件一覧!$N$3:$N$62=D$3)*(案件一覧!$E$3:$E$62<=$A11)*(案件一覧!$F$3:$F$62>$A11)*(案件一覧!$C$3:$C$62<>"キャンセル"),0),0))&IF(COUNTIFS(案件一覧!$N$3:$N$62,D$3,案件一覧!$E$3:$E$62,"<="&$A11,案件一覧!$F$3:$F$62,">"&$A11,案件一覧!$C$3:$C$62,"<>キャンセル")>1," ◆重複!","")) | E11: =IF(COUNTIFS(案件一覧!$N$3:$N$62,E$3,案件一覧!$E$3:$E$62,"<="&$A11,案件一覧!$F$3:$F$62,">"&$A11,案件一覧!$C$3:$C$62,"<>キャンセル")=0,"",INDEX(案件一覧!$J$3:$J$62,MATCH(1,INDEX((案件一覧!$N$3:$N$62=E$3)*(案件一覧!$E$3:$E$62<=$A11)*(案件一覧!$F$3:$F$62>$A11)*(案件一覧!$C$3:$C$62<>"キャンセル"),0),0))&IF(COUNTIFS(案件一覧!$N$3:$N$62,E$3,案件一覧!$E$3:$E$62,"<="&$A11,案件一覧!$F$3:$F$62,">"&$A11,案件一覧!$C$3:$C$62,"<>キャンセル")>1," ◆重複!","")) | F11: =IF(COUNTIFS(案件一覧!$N$3:$N$62,F$3,案件一覧!$E$3:$E$62,"<="&$A11,案件一覧!$F$3:$F$62,">"&$A11,案件一覧!$C$3:$C$62,"<>キャンセル")=0,"",INDEX(案件一覧!$J$3:$J$62,MATCH(1,INDEX((案件一覧!$N$3:$N$62=F$3)*(案件一覧!$E$3:$E$62<=$A11)*(案件一覧!$F$3:$F$62>$A11)*(案件一覧!$C$3:$C$62<>"キャンセル"),0),0))&IF(COUNTIFS(案件一覧!$N$3:$N$62,F$3,案件一覧!$E$3:$E$62,"<="&$A11,案件一覧!$F$3:$F$62,">"&$A11,案件一覧!$C$3:$C$62,"<>キャンセル")>1," ◆重複!","")) | G11: =IF(COUNTIFS(案件一覧!$N$3:$N$62,G$3,案件一覧!$E$3:$E$62,"<="&$A11,案件一覧!$F$3:$F$62,">"&$A11,案件一覧!$C$3:$C$62,"<>キャンセル")=0,"",INDEX(案件一覧!$J$3:$J$62,MATCH(1,INDEX((案件一覧!$N$3:$N$62=G$3)*(案件一覧!$E$3:$E$62<=$A11)*(案件一覧!$F$3:$F$62>$A11)*(案件一覧!$C$3:$C$62<>"キャンセル"),0),0))&IF(COUNTIFS(案件一覧!$N$3:$N$62,G$3,案件一覧!$E$3:$E$62,"<="&$A11,案件一覧!$F$3:$F$62,">"&$A11,案件一覧!$C$3:$C$62,"<>キャンセル")>1," ◆重複!","")) | H11: =IF(COUNTIFS(案件一覧!$N$3:$N$62,H$3,案件一覧!$E$3:$E$62,"<="&$A11,案件一覧!$F$3:$F$62,">"&$A11,案件一覧!$C$3:$C$62,"<>キャンセル")=0,"",INDEX(案件一覧!$J$3:$J$62,MATCH(1,INDEX((案件一覧!$N$3:$N$62=H$3)*(案件一覧!$E$3:$E$62<=$A11)*(案件一覧!$F$3:$F$62>$A11)*(案件一覧!$C$3:$C$62<>"キャンセル"),0),0))&IF(COUNTIFS(案件一覧!$N$3:$N$62,H$3,案件一覧!$E$3:$E$62,"<="&$A11,案件一覧!$F$3:$F$62,">"&$A11,案件一覧!$C$3:$C$62,"<>キャンセル")>1," ◆重複!",""))
A12: 46212 | B12: 木 | C12: =IF(COUNTIFS(案件一覧!$N$3:$N$62,C$3,案件一覧!$E$3:$E$62,"<="&$A12,案件一覧!$F$3:$F$62,">"&$A12,案件一覧!$C$3:$C$62,"<>キャンセル")=0,"",INDEX(案件一覧!$J$3:$J$62,MATCH(1,INDEX((案件一覧!$N$3:$N$62=C$3)*(案件一覧!$E$3:$E$62<=$A12)*(案件一覧!$F$3:$F$62>$A12)*(案件一覧!$C$3:$C$62<>"キャンセル"),0),0))&IF(COUNTIFS(案件一覧!$N$3:$N$62,C$3,案件一覧!$E$3:$E$62,"<="&$A12,案件一覧!$F$3:$F$62,">"&$A12,案件一覧!$C$3:$C$62,"<>キャンセル")>1," ◆重複!","")) | D12: =IF(COUNTIFS(案件一覧!$N$3:$N$62,D$3,案件一覧!$E$3:$E$62,"<="&$A12,案件一覧!$F$3:$F$62,">"&$A12,案件一覧!$C$3:$C$62,"<>キャンセル")=0,"",INDEX(案件一覧!$J$3:$J$62,MATCH(1,INDEX((案件一覧!$N$3:$N$62=D$3)*(案件一覧!$E$3:$E$62<=$A12)*(案件一覧!$F$3:$F$62>$A12)*(案件一覧!$C$3:$C$62<>"キャンセル"),0),0))&IF(COUNTIFS(案件一覧!$N$3:$N$62,D$3,案件一覧!$E$3:$E$62,"<="&$A12,案件一覧!$F$3:$F$62,">"&$A12,案件一覧!$C$3:$C$62,"<>キャンセル")>1," ◆重複!","")) | E12: =IF(COUNTIFS(案件一覧!$N$3:$N$62,E$3,案件一覧!$E$3:$E$62,"<="&$A12,案件一覧!$F$3:$F$62,">"&$A12,案件一覧!$C$3:$C$62,"<>キャンセル")=0,"",INDEX(案件一覧!$J$3:$J$62,MATCH(1,INDEX((案件一覧!$N$3:$N$62=E$3)*(案件一覧!$E$3:$E$62<=$A12)*(案件一覧!$F$3:$F$62>$A12)*(案件一覧!$C$3:$C$62<>"キャンセル"),0),0))&IF(COUNTIFS(案件一覧!$N$3:$N$62,E$3,案件一覧!$E$3:$E$62,"<="&$A12,案件一覧!$F$3:$F$62,">"&$A12,案件一覧!$C$3:$C$62,"<>キャンセル")>1," ◆重複!","")) | F12: =IF(COUNTIFS(案件一覧!$N$3:$N$62,F$3,案件一覧!$E$3:$E$62,"<="&$A12,案件一覧!$F$3:$F$62,">"&$A12,案件一覧!$C$3:$C$62,"<>キャンセル")=0,"",INDEX(案件一覧!$J$3:$J$62,MATCH(1,INDEX((案件一覧!$N$3:$N$62=F$3)*(案件一覧!$E$3:$E$62<=$A12)*(案件一覧!$F$3:$F$62>$A12)*(案件一覧!$C$3:$C$62<>"キャンセル"),0),0))&IF(COUNTIFS(案件一覧!$N$3:$N$62,F$3,案件一覧!$E$3:$E$62,"<="&$A12,案件一覧!$F$3:$F$62,">"&$A12,案件一覧!$C$3:$C$62,"<>キャンセル")>1," ◆重複!","")) | G12: =IF(COUNTIFS(案件一覧!$N$3:$N$62,G$3,案件一覧!$E$3:$E$62,"<="&$A12,案件一覧!$F$3:$F$62,">"&$A12,案件一覧!$C$3:$C$62,"<>キャンセル")=0,"",INDEX(案件一覧!$J$3:$J$62,MATCH(1,INDEX((案件一覧!$N$3:$N$62=G$3)*(案件一覧!$E$3:$E$62<=$A12)*(案件一覧!$F$3:$F$62>$A12)*(案件一覧!$C$3:$C$62<>"キャンセル"),0),0))&IF(COUNTIFS(案件一覧!$N$3:$N$62,G$3,案件一覧!$E$3:$E$62,"<="&$A12,案件一覧!$F$3:$F$62,">"&$A12,案件一覧!$C$3:$C$62,"<>キャンセル")>1," ◆重複!","")) | H12: =IF(COUNTIFS(案件一覧!$N$3:$N$62,H$3,案件一覧!$E$3:$E$62,"<="&$A12,案件一覧!$F$3:$F$62,">"&$A12,案件一覧!$C$3:$C$62,"<>キャンセル")=0,"",INDEX(案件一覧!$J$3:$J$62,MATCH(1,INDEX((案件一覧!$N$3:$N$62=H$3)*(案件一覧!$E$3:$E$62<=$A12)*(案件一覧!$F$3:$F$62>$A12)*(案件一覧!$C$3:$C$62<>"キャンセル"),0),0))&IF(COUNTIFS(案件一覧!$N$3:$N$62,H$3,案件一覧!$E$3:$E$62,"<="&$A12,案件一覧!$F$3:$F$62,">"&$A12,案件一覧!$C$3:$C$62,"<>キャンセル")>1," ◆重複!",""))
A13: 46213 | B13: 金 | C13: =IF(COUNTIFS(案件一覧!$N$3:$N$62,C$3,案件一覧!$E$3:$E$62,"<="&$A13,案件一覧!$F$3:$F$62,">"&$A13,案件一覧!$C$3:$C$62,"<>キャンセル")=0,"",INDEX(案件一覧!$J$3:$J$62,MATCH(1,INDEX((案件一覧!$N$3:$N$62=C$3)*(案件一覧!$E$3:$E$62<=$A13)*(案件一覧!$F$3:$F$62>$A13)*(案件一覧!$C$3:$C$62<>"キャンセル"),0),0))&IF(COUNTIFS(案件一覧!$N$3:$N$62,C$3,案件一覧!$E$3:$E$62,"<="&$A13,案件一覧!$F$3:$F$62,">"&$A13,案件一覧!$C$3:$C$62,"<>キャンセル")>1," ◆重複!","")) | D13: =IF(COUNTIFS(案件一覧!$N$3:$N$62,D$3,案件一覧!$E$3:$E$62,"<="&$A13,案件一覧!$F$3:$F$62,">"&$A13,案件一覧!$C$3:$C$62,"<>キャンセル")=0,"",INDEX(案件一覧!$J$3:$J$62,MATCH(1,INDEX((案件一覧!$N$3:$N$62=D$3)*(案件一覧!$E$3:$E$62<=$A13)*(案件一覧!$F$3:$F$62>$A13)*(案件一覧!$C$3:$C$62<>"キャンセル"),0),0))&IF(COUNTIFS(案件一覧!$N$3:$N$62,D$3,案件一覧!$E$3:$E$62,"<="&$A13,案件一覧!$F$3:$F$62,">"&$A13,案件一覧!$C$3:$C$62,"<>キャンセル")>1," ◆重複!","")) | E13: =IF(COUNTIFS(案件一覧!$N$3:$N$62,E$3,案件一覧!$E$3:$E$62,"<="&$A13,案件一覧!$F$3:$F$62,">"&$A13,案件一覧!$C$3:$C$62,"<>キャンセル")=0,"",INDEX(案件一覧!$J$3:$J$62,MATCH(1,INDEX((案件一覧!$N$3:$N$62=E$3)*(案件一覧!$E$3:$E$62<=$A13)*(案件一覧!$F$3:$F$62>$A13)*(案件一覧!$C$3:$C$62<>"キャンセル"),0),0))&IF(COUNTIFS(案件一覧!$N$3:$N$62,E$3,案件一覧!$E$3:$E$62,"<="&$A13,案件一覧!$F$3:$F$62,">"&$A13,案件一覧!$C$3:$C$62,"<>キャンセル")>1," ◆重複!","")) | F13: =IF(COUNTIFS(案件一覧!$N$3:$N$62,F$3,案件一覧!$E$3:$E$62,"<="&$A13,案件一覧!$F$3:$F$62,">"&$A13,案件一覧!$C$3:$C$62,"<>キャンセル")=0,"",INDEX(案件一覧!$J$3:$J$62,MATCH(1,INDEX((案件一覧!$N$3:$N$62=F$3)*(案件一覧!$E$3:$E$62<=$A13)*(案件一覧!$F$3:$F$62>$A13)*(案件一覧!$C$3:$C$62<>"キャンセル"),0),0))&IF(COUNTIFS(案件一覧!$N$3:$N$62,F$3,案件一覧!$E$3:$E$62,"<="&$A13,案件一覧!$F$3:$F$62,">"&$A13,案件一覧!$C$3:$C$62,"<>キャンセル")>1," ◆重複!","")) | G13: =IF(COUNTIFS(案件一覧!$N$3:$N$62,G$3,案件一覧!$E$3:$E$62,"<="&$A13,案件一覧!$F$3:$F$62,">"&$A13,案件一覧!$C$3:$C$62,"<>キャンセル")=0,"",INDEX(案件一覧!$J$3:$J$62,MATCH(1,INDEX((案件一覧!$N$3:$N$62=G$3)*(案件一覧!$E$3:$E$62<=$A13)*(案件一覧!$F$3:$F$62>$A13)*(案件一覧!$C$3:$C$62<>"キャンセル"),0),0))&IF(COUNTIFS(案件一覧!$N$3:$N$62,G$3,案件一覧!$E$3:$E$62,"<="&$A13,案件一覧!$F$3:$F$62,">"&$A13,案件一覧!$C$3:$C$62,"<>キャンセル")>1," ◆重複!","")) | H13: =IF(COUNTIFS(案件一覧!$N$3:$N$62,H$3,案件一覧!$E$3:$E$62,"<="&$A13,案件一覧!$F$3:$F$62,">"&$A13,案件一覧!$C$3:$C$62,"<>キャンセル")=0,"",INDEX(案件一覧!$J$3:$J$62,MATCH(1,INDEX((案件一覧!$N$3:$N$62=H$3)*(案件一覧!$E$3:$E$62<=$A13)*(案件一覧!$F$3:$F$62>$A13)*(案件一覧!$C$3:$C$62<>"キャンセル"),0),0))&IF(COUNTIFS(案件一覧!$N$3:$N$62,H$3,案件一覧!$E$3:$E$62,"<="&$A13,案件一覧!$F$3:$F$62,">"&$A13,案件一覧!$C$3:$C$62,"<>キャンセル")>1," ◆重複!",""))
A14: 46214 | B14: 土 | C14: =IF(COUNTIFS(案件一覧!$N$3:$N$62,C$3,案件一覧!$E$3:$E$62,"<="&$A14,案件一覧!$F$3:$F$62,">"&$A14,案件一覧!$C$3:$C$62,"<>キャンセル")=0,"",INDEX(案件一覧!$J$3:$J$62,MATCH(1,INDEX((案件一覧!$N$3:$N$62=C$3)*(案件一覧!$E$3:$E$62<=$A14)*(案件一覧!$F$3:$F$62>$A14)*(案件一覧!$C$3:$C$62<>"キャンセル"),0),0))&IF(COUNTIFS(案件一覧!$N$3:$N$62,C$3,案件一覧!$E$3:$E$62,"<="&$A14,案件一覧!$F$3:$F$62,">"&$A14,案件一覧!$C$3:$C$62,"<>キャンセル")>1," ◆重複!","")) | D14: =IF(COUNTIFS(案件一覧!$N$3:$N$62,D$3,案件一覧!$E$3:$E$62,"<="&$A14,案件一覧!$F$3:$F$62,">"&$A14,案件一覧!$C$3:$C$62,"<>キャンセル")=0,"",INDEX(案件一覧!$J$3:$J$62,MATCH(1,INDEX((案件一覧!$N$3:$N$62=D$3)*(案件一覧!$E$3:$E$62<=$A14)*(案件一覧!$F$3:$F$62>$A14)*(案件一覧!$C$3:$C$62<>"キャンセル"),0),0))&IF(COUNTIFS(案件一覧!$N$3:$N$62,D$3,案件一覧!$E$3:$E$62,"<="&$A14,案件一覧!$F$3:$F$62,">"&$A14,案件一覧!$C$3:$C$62,"<>キャンセル")>1," ◆重複!","")) | E14: =IF(COUNTIFS(案件一覧!$N$3:$N$62,E$3,案件一覧!$E$3:$E$62,"<="&$A14,案件一覧!$F$3:$F$62,">"&$A14,案件一覧!$C$3:$C$62,"<>キャンセル")=0,"",INDEX(案件一覧!$J$3:$J$62,MATCH(1,INDEX((案件一覧!$N$3:$N$62=E$3)*(案件一覧!$E$3:$E$62<=$A14)*(案件一覧!$F$3:$F$62>$A14)*(案件一覧!$C$3:$C$62<>"キャンセル"),0),0))&IF(COUNTIFS(案件一覧!$N$3:$N$62,E$3,案件一覧!$E$3:$E$62,"<="&$A14,案件一覧!$F$3:$F$62,">"&$A14,案件一覧!$C$3:$C$62,"<>キャンセル")>1," ◆重複!","")) | F14: =IF(COUNTIFS(案件一覧!$N$3:$N$62,F$3,案件一覧!$E$3:$E$62,"<="&$A14,案件一覧!$F$3:$F$62,">"&$A14,案件一覧!$C$3:$C$62,"<>キャンセル")=0,"",INDEX(案件一覧!$J$3:$J$62,MATCH(1,INDEX((案件一覧!$N$3:$N$62=F$3)*(案件一覧!$E$3:$E$62<=$A14)*(案件一覧!$F$3:$F$62>$A14)*(案件一覧!$C$3:$C$62<>"キャンセル"),0),0))&IF(COUNTIFS(案件一覧!$N$3:$N$62,F$3,案件一覧!$E$3:$E$62,"<="&$A14,案件一覧!$F$3:$F$62,">"&$A14,案件一覧!$C$3:$C$62,"<>キャンセル")>1," ◆重複!","")) | G14: =IF(COUNTIFS(案件一覧!$N$3:$N$62,G$3,案件一覧!$E$3:$E$62,"<="&$A14,案件一覧!$F$3:$F$62,">"&$A14,案件一覧!$C$3:$C$62,"<>キャンセル")=0,"",INDEX(案件一覧!$J$3:$J$62,MATCH(1,INDEX((案件一覧!$N$3:$N$62=G$3)*(案件一覧!$E$3:$E$62<=$A14)*(案件一覧!$F$3:$F$62>$A14)*(案件一覧!$C$3:$C$62<>"キャンセル"),0),0))&IF(COUNTIFS(案件一覧!$N$3:$N$62,G$3,案件一覧!$E$3:$E$62,"<="&$A14,案件一覧!$F$3:$F$62,">"&$A14,案件一覧!$C$3:$C$62,"<>キャンセル")>1," ◆重複!","")) | H14: =IF(COUNTIFS(案件一覧!$N$3:$N$62,H$3,案件一覧!$E$3:$E$62,"<="&$A14,案件一覧!$F$3:$F$62,">"&$A14,案件一覧!$C$3:$C$62,"<>キャンセル")=0,"",INDEX(案件一覧!$J$3:$J$62,MATCH(1,INDEX((案件一覧!$N$3:$N$62=H$3)*(案件一覧!$E$3:$E$62<=$A14)*(案件一覧!$F$3:$F$62>$A14)*(案件一覧!$C$3:$C$62<>"キャンセル"),0),0))&IF(COUNTIFS(案件一覧!$N$3:$N$62,H$3,案件一覧!$E$3:$E$62,"<="&$A14,案件一覧!$F$3:$F$62,">"&$A14,案件一覧!$C$3:$C$62,"<>キャンセル")>1," ◆重複!",""))
A15: 46215 | B15: 日 | C15: =IF(COUNTIFS(案件一覧!$N$3:$N$62,C$3,案件一覧!$E$3:$E$62,"<="&$A15,案件一覧!$F$3:$F$62,">"&$A15,案件一覧!$C$3:$C$62,"<>キャンセル")=0,"",INDEX(案件一覧!$J$3:$J$62,MATCH(1,INDEX((案件一覧!$N$3:$N$62=C$3)*(案件一覧!$E$3:$E$62<=$A15)*(案件一覧!$F$3:$F$62>$A15)*(案件一覧!$C$3:$C$62<>"キャンセル"),0),0))&IF(COUNTIFS(案件一覧!$N$3:$N$62,C$3,案件一覧!$E$3:$E$62,"<="&$A15,案件一覧!$F$3:$F$62,">"&$A15,案件一覧!$C$3:$C$62,"<>キャンセル")>1," ◆重複!","")) | D15: =IF(COUNTIFS(案件一覧!$N$3:$N$62,D$3,案件一覧!$E$3:$E$62,"<="&$A15,案件一覧!$F$3:$F$62,">"&$A15,案件一覧!$C$3:$C$62,"<>キャンセル")=0,"",INDEX(案件一覧!$J$3:$J$62,MATCH(1,INDEX((案件一覧!$N$3:$N$62=D$3)*(案件一覧!$E$3:$E$62<=$A15)*(案件一覧!$F$3:$F$62>$A15)*(案件一覧!$C$3:$C$62<>"キャンセル"),0),0))&IF(COUNTIFS(案件一覧!$N$3:$N$62,D$3,案件一覧!$E$3:$E$62,"<="&$A15,案件一覧!$F$3:$F$62,">"&$A15,案件一覧!$C$3:$C$62,"<>キャンセル")>1," ◆重複!","")) | E15: =IF(COUNTIFS(案件一覧!$N$3:$N$62,E$3,案件一覧!$E$3:$E$62,"<="&$A15,案件一覧!$F$3:$F$62,">"&$A15,案件一覧!$C$3:$C$62,"<>キャンセル")=0,"",INDEX(案件一覧!$J$3:$J$62,MATCH(1,INDEX((案件一覧!$N$3:$N$62=E$3)*(案件一覧!$E$3:$E$62<=$A15)*(案件一覧!$F$3:$F$62>$A15)*(案件一覧!$C$3:$C$62<>"キャンセル"),0),0))&IF(COUNTIFS(案件一覧!$N$3:$N$62,E$3,案件一覧!$E$3:$E$62,"<="&$A15,案件一覧!$F$3:$F$62,">"&$A15,案件一覧!$C$3:$C$62,"<>キャンセル")>1," ◆重複!","")) | F15: =IF(COUNTIFS(案件一覧!$N$3:$N$62,F$3,案件一覧!$E$3:$E$62,"<="&$A15,案件一覧!$F$3:$F$62,">"&$A15,案件一覧!$C$3:$C$62,"<>キャンセル")=0,"",INDEX(案件一覧!$J$3:$J$62,MATCH(1,INDEX((案件一覧!$N$3:$N$62=F$3)*(案件一覧!$E$3:$E$62<=$A15)*(案件一覧!$F$3:$F$62>$A15)*(案件一覧!$C$3:$C$62<>"キャンセル"),0),0))&IF(COUNTIFS(案件一覧!$N$3:$N$62,F$3,案件一覧!$E$3:$E$62,"<="&$A15,案件一覧!$F$3:$F$62,">"&$A15,案件一覧!$C$3:$C$62,"<>キャンセル")>1," ◆重複!","")) | G15: =IF(COUNTIFS(案件一覧!$N$3:$N$62,G$3,案件一覧!$E$3:$E$62,"<="&$A15,案件一覧!$F$3:$F$62,">"&$A15,案件一覧!$C$3:$C$62,"<>キャンセル")=0,"",INDEX(案件一覧!$J$3:$J$62,MATCH(1,INDEX((案件一覧!$N$3:$N$62=G$3)*(案件一覧!$E$3:$E$62<=$A15)*(案件一覧!$F$3:$F$62>$A15)*(案件一覧!$C$3:$C$62<>"キャンセル"),0),0))&IF(COUNTIFS(案件一覧!$N$3:$N$62,G$3,案件一覧!$E$3:$E$62,"<="&$A15,案件一覧!$F$3:$F$62,">"&$A15,案件一覧!$C$3:$C$62,"<>キャンセル")>1," ◆重複!","")) | H15: =IF(COUNTIFS(案件一覧!$N$3:$N$62,H$3,案件一覧!$E$3:$E$62,"<="&$A15,案件一覧!$F$3:$F$62,">"&$A15,案件一覧!$C$3:$C$62,"<>キャンセル")=0,"",INDEX(案件一覧!$J$3:$J$62,MATCH(1,INDEX((案件一覧!$N$3:$N$62=H$3)*(案件一覧!$E$3:$E$62<=$A15)*(案件一覧!$F$3:$F$62>$A15)*(案件一覧!$C$3:$C$62<>"キャンセル"),0),0))&IF(COUNTIFS(案件一覧!$N$3:$N$62,H$3,案件一覧!$E$3:$E$62,"<="&$A15,案件一覧!$F$3:$F$62,">"&$A15,案件一覧!$C$3:$C$62,"<>キャンセル")>1," ◆重複!",""))
... A187: 46387 | B187: 木 | C187: =IF(COUNTIFS(案件一覧!$N$3:$N$62,C$3,案件一覧!$E$3:$E$62,"<="&$A187,案件一覧!$F$3:$F$62,">"&$A187,案件一覧!$C$3:$C$62,"<>キャンセル")=0,"",INDEX(案件一覧!$J$3:$J$62,MATCH(1,INDEX((案件一覧!$N$3:$N$62=C$3)*(案件一覧!$E$3:$E$62<=$A187)*(案件一覧!$F$3:$F$62>$A187)*(案件一覧!$C$3:$C$62<>"キャンセル"),0),0))&IF(COUNTIFS(案件一覧!$N$3:$N$62,C$3,案件一覧!$E$3:$E$62,"<="&$A187,案件一覧!$F$3:$F$62,">"&$A187,案件一覧!$C$3:$C$62,"<>キャンセル")>1," ◆重複!","")) | D187: =IF(COUNTIFS(案件一覧!$N$3:$N$62,D$3,案件一覧!$E$3:$E$62,"<="&$A187,案件一覧!$F$3:$F$62,">"&$A187,案件一覧!$C$3:$C$62,"<>キャンセル")=0,"",INDEX(案件一覧!$J$3:$J$62,MATCH(1,INDEX((案件一覧!$N$3:$N$62=D$3)*(案件一覧!$E$3:$E$62<=$A187)*(案件一覧!$F$3:$F$62>$A187)*(案件一覧!$C$3:$C$62<>"キャンセル"),0),0))&IF(COUNTIFS(案件一覧!$N$3:$N$62,D$3,案件一覧!$E$3:$E$62,"<="&$A187,案件一覧!$F$3:$F$62,">"&$A187,案件一覧!$C$3:$C$62,"<>キャンセル")>1," ◆重複!","")) | E187: =IF(COUNTIFS(案件一覧!$N$3:$N$62,E$3,案件一覧!$E$3:$E$62,"<="&$A187,案件一覧!$F$3:$F$62,">"&$A187,案件一覧!$C$3:$C$62,"<>キャンセル")=0,"",INDEX(案件一覧!$J$3:$J$62,MATCH(1,INDEX((案件一覧!$N$3:$N$62=E$3)*(案件一覧!$E$3:$E$62<=$A187)*(案件一覧!$F$3:$F$62>$A187)*(案件一覧!$C$3:$C$62<>"キャンセル"),0),0))&IF(COUNTIFS(案件一覧!$N$3:$N$62,E$3,案件一覧!$E$3:$E$62,"<="&$A187,案件一覧!$F$3:$F$62,">"&$A187,案件一覧!$C$3:$C$62,"<>キャンセル")>1," ◆重複!","")) | F187: =IF(COUNTIFS(案件一覧!$N$3:$N$62,F$3,案件一覧!$E$3:$E$62,"<="&$A187,案件一覧!$F$3:$F$62,">"&$A187,案件一覧!$C$3:$C$62,"<>キャンセル")=0,"",INDEX(案件一覧!$J$3:$J$62,MATCH(1,INDEX((案件一覧!$N$3:$N$62=F$3)*(案件一覧!$E$3:$E$62<=$A187)*(案件一覧!$F$3:$F$62>$A187)*(案件一覧!$C$3:$C$62<>"キャンセル"),0),0))&IF(COUNTIFS(案件一覧!$N$3:$N$62,F$3,案件一覧!$E$3:$E$62,"<="&$A187,案件一覧!$F$3:$F$62,">"&$A187,案件一覧!$C$3:$C$62,"<>キャンセル")>1," ◆重複!","")) | G187: =IF(COUNTIFS(案件一覧!$N$3:$N$62,G$3,案件一覧!$E$3:$E$62,"<="&$A187,案件一覧!$F$3:$F$62,">"&$A187,案件一覧!$C$3:$C$62,"<>キャンセル")=0,"",INDEX(案件一覧!$J$3:$J$62,MATCH(1,INDEX((案件一覧!$N$3:$N$62=G$3)*(案件一覧!$E$3:$E$62<=$A187)*(案件一覧!$F$3:$F$62>$A187)*(案件一覧!$C$3:$C$62<>"キャンセル"),0),0))&IF(COUNTIFS(案件一覧!$N$3:$N$62,G$3,案件一覧!$E$3:$E$62,"<="&$A187,案件一覧!$F$3:$F$62,">"&$A187,案件一覧!$C$3:$C$62,"<>キャンセル")>1," ◆重複!","")) | H187: =IF(COUNTIFS(案件一覧!$N$3:$N$62,H$3,案件一覧!$E$3:$E$62,"<="&$A187,案件一覧!$F$3:$F$62,">"&$A187,案件一覧!$C$3:$C$62,"<>キャンセル")=0,"",INDEX(案件一覧!$J$3:$J$62,MATCH(1,INDEX((案件一覧!$N$3:$N$62=H$3)*(案件一覧!$E$3:$E$62<=$A187)*(案件一覧!$F$3:$F$62>$A187)*(案件一覧!$C$3:$C$62<>"キャンセル"),0),0))&IF(COUNTIFS(案件一覧!$N$3:$N$62,H$3,案件一覧!$E$3:$E$62,"<="&$A187,案件一覧!$F$3:$F$62,">"&$A187,案件一覧!$C$3:$C$62,"<>キャンセル")>1," ◆重複!",""))
